{
  "version": 2,
  "functions": {
    "backend/server.js": {
      "runtime": "nodejs18.x"
    }
  },
  "routes": [
    {
      "src": "/api/(.*)",
      "dest": "/backend/server.js"
    },
    {
      "src": "/(.*)",
      "dest": "/index.html"
    }
  ],
  "env": {
    "GEMINI_API_KEY": "@gemini_api_key",
    "FIREBASE_API_KEY": "@firebase_api_key",
    "FIREBASE_AUTH_DOMAIN": "@firebase_auth_domain",
    "FIREBASE_PROJECT_ID": "@firebase_project_id",
    "FIREBASE_STORAGE_BUCKET": "@firebase_storage_bucket",
    "FIREBASE_MESSAGING_SENDER_ID": "@firebase_messaging_sender_id",
    "FIREBASE_APP_ID": "@firebase_app_id"
  }
}