{
  "name": "Z Streamer Hub Development",
  "image": "mcr.microsoft.com/devcontainers/javascript-node:18",
  "features": {
    "ghcr.io/devcontainers/features/git:1": {},
    "ghcr.io/devcontainers/features/github-cli:1": {}
  },
  "customizations": {
    "vscode": {
      "extensions": [
        "ms-vscode.vscode-json",
        "esbenp.prettier-vscode",
        "ms-vscode.vscode-typescript-next",
        "bradlc.vscode-tailwindcss",
        "formulahendry.auto-rename-tag",
        "ms-vscode.live-server"
      ],
      "settings": {
        "editor.formatOnSave": true,
        "editor.defaultFormatter": "esbenp.prettier-vscode",
        "editor.codeActionsOnSave": {
          "source.fixAll": true
        }
      }
    }
  },
  "forwardPorts": [3000, 3001, 5173],
  "portsAttributes": {
    "3000": {
      "label": "Frontend",
      "onAutoForward": "notify"
    },
    "3001": {
      "label": "Backend API",
      "onAutoForward": "silent"
    },
    "5173": {
      "label": "Vite Dev Server",
      "onAutoForward": "notify"
    }
  },
  "postCreateCommand": "npm install && cd backend && npm install",
  "postStartCommand": "echo 'Welcome to Z Streamer Hub! Run npm run dev to start the frontend and npm run dev:backend for the backend server.'"
}